"Image Path","Make","Model","UTC Time","Lat Ref","Latitude","Lon Ref","Longitude","Alt Ref","Altitude"
"images/Turtle.jpg","2008:05:08 16:55:58","Canon","Canon EOS 5D","N","25.33840000","E","34.73966600","","0.00 Meters"
"images/Castle.JPG","2012:06:09 12:42:24","PENTAX             ","PENTAX K-5         ","","55.00733833","","11.91093333","","15.00 Meters"
"images/Cat.jpg","2008:08:05 20:59:32","Canon","Canon EOS 400D DIGITAL","N","59.92475508","E","10.69559812","","81.00 Meters"
"images/Deutchland.JPG","2010:06:23 15:32:25","Apple","iPhone 3G","N","47.97500000","E","7.82966667","","338.00 Meters"
"images/Biking.jpg","2006:02:11 11:06:37","Canon","Canon PowerShot A80","N","33.87546082","W","-116.30161960","","304.00 Meters"
